ssid,bssid,security,frequency_mhz,channel,best_signal_dbm,best_signal_percent,best_seen,seen,connected,first_seen,last_seen,from,to,fraction,lat,lon,estimated_lat,estimated_lon,spread_m,estimated_from,estimated_to,estimated_fraction,estimated_spread,barely_pinned
sample-ap-18,02:00:00:00:00:12,psk,2412,1,-89,,2026-09-14T17:00:15-03:00,2,,2026-09-14T17:00:10-03:00,2026-09-14T17:00:15-03:00,Rivera y Avenida Doctor Francisco Soca,Rivera y Brito del Pino,0.135,-34.903126,-56.156233,-34.903126,-56.156233,0,Rivera y Avenida Doctor Francisco Soca,Rivera y Brito del Pino,0.135,0.000,yes
sample-ap-01,02:00:00:00:00:01,psk,2437,6,-69,,2026-09-14T17:00:20-03:00,17,,2026-09-14T17:00:00-03:00,2026-09-14T17:01:20-03:00,Rivera y Avenida Doctor Francisco Soca,Rivera y Brito del Pino,0.236,-34.903126,-56.156390,-34.903127,-56.156444,17,Rivera y Avenida Doctor Francisco Soca,Rivera y Brito del Pino,0.271,0.122,yes
sample-ap-02,02:00:00:00:00:02,psk,2462,11,-68,,2026-09-14T17:00:45-03:00,26,,2026-09-14T17:00:00-03:00,2026-09-14T17:02:15-03:00,Rivera y Avenida Doctor Francisco Soca,Rivera y Brito del Pino,0.386,-34.903127,-56.156624,-34.903127,-56.156737,28,Rivera y Avenida Doctor Francisco Soca,Rivera y Brito del Pino,0.405,0.141,
sample-ap-15,02:00:00:00:00:0f,psk,5240,48,-88,,2026-09-14T17:00:55-03:00,9,,2026-09-14T17:00:25-03:00,2026-09-14T17:01:30-03:00,Rivera y Avenida Doctor Francisco Soca,Rivera y Brito del Pino,0.429,-34.903127,-56.156691,-34.903128,-56.156733,11,Rivera y Avenida Doctor Francisco Soca,Rivera y Brito del Pino,0.456,0.077,yes
sample-ap-03,02:00:00:00:00:03,psk,5180,36,-62,,2026-09-14T17:01:15-03:00,32,,2026-09-14T17:00:00-03:00,2026-09-14T17:02:50-03:00,Rivera y Avenida Doctor Francisco Soca,Rivera y Brito del Pino,0.504,-34.903128,-56.156808,-34.903127,-56.156974,38,Rivera y Avenida Doctor Francisco Soca,Rivera y Brito del Pino,0.484,0.136,
sample-ap-04,02:00:00:00:00:04,psk,5200,40,-73,,2026-09-14T17:01:30-03:00,40,,2026-09-14T17:00:20-03:00,2026-09-14T17:03:35-03:00,Rivera y Avenida Doctor Francisco Soca,Rivera y Brito del Pino,0.709,-34.903129,-56.157127,-34.903124,-56.157539,56,Rivera y Avenida Doctor Francisco Soca,Rivera y Brito del Pino,0.590,0.190,yes
sample-ap-13,02:00:00:00:00:0d,psk,5200,40,-83,,2026-09-14T17:01:45-03:00,15,,2026-09-14T17:01:10-03:00,2026-09-14T17:02:20-03:00,Rivera y Avenida Doctor Francisco Soca,Rivera y Brito del Pino,0.963,-34.903131,-56.157524,-34.903128,-56.157483,32,Rivera y Avenida Doctor Francisco Soca,Rivera y Brito del Pino,0.719,0.148,yes
sample-ap-05,02:00:00:00:00:05,psk,5220,44,-61,,2026-09-14T17:02:00-03:00,52,,2026-09-14T17:00:05-03:00,2026-09-14T17:04:20-03:00,Rivera y Brito del Pino,Rivera y Simón Bolívar,0.172,-34.903126,-56.157833,-34.903121,-56.157802,54,Rivera y Brito del Pino,Rivera y Simón Bolívar,0.395,0.244,
sample-ap-06,02:00:00:00:00:06,open,5240,48,-68,,2026-09-14T17:02:20-03:00,45,,2026-09-14T17:00:50-03:00,2026-09-14T17:04:40-03:00,Rivera y Brito del Pino,Rivera y Simón Bolívar,0.295,-34.903122,-56.158014,-34.903115,-56.158198,46,Rivera y Brito del Pino,Rivera y Simón Bolívar,0.517,0.201,
sample-ap-16,02:00:00:00:00:10,psk,5745,149,-88,,2026-09-14T17:02:25-03:00,3,,2026-09-14T17:02:25-03:00,2026-09-14T17:03:15-03:00,Rivera y Brito del Pino,Rivera y Simón Bolívar,0.377,-34.903119,-56.158134,-34.903116,-56.158316,18,Rivera y Brito del Pino,Rivera y Simón Bolívar,0.501,0.138,yes
sample-ap-07,02:00:00:00:00:07,psk,5745,149,-63,,2026-09-14T17:03:15-03:00,43,,2026-09-14T17:01:25-03:00,2026-09-14T17:04:55-03:00,Rivera y Brito del Pino,Rivera y Simón Bolívar,0.714,-34.903109,-56.158628,-34.903108,-56.158560,39,Rivera y Brito del Pino,Rivera y Simón Bolívar,0.632,0.206,
sample-ap-20,02:00:00:00:00:14,psk,2462,11,-80,,2026-09-14T17:03:25-03:00,44,,2026-09-14T17:01:30-03:00,2026-09-14T17:05:25-03:00,Rivera y Brito del Pino,Rivera y Simón Bolívar,0.849,-34.903105,-56.158827,-34.903100,-56.158769,52,Rivera y Brito del Pino,Rivera y Simón Bolívar,0.611,0.247,yes
sample-ap-14,02:00:00:00:00:0e,psk,5220,44,-72,,2026-09-14T17:03:50-03:00,46,,2026-09-14T17:01:35-03:00,2026-09-14T17:05:30-03:00,Rivera y Brito del Pino,Rivera y Simón Bolívar,0.985,-34.903101,-56.159026,-34.903092,-56.158978,47,Rivera y Brito del Pino,Rivera y Simón Bolívar,0.690,0.252,yes
sample-ap-08,02:00:00:00:00:08,psk,5765,153,-68,,2026-09-14T17:03:45-03:00,46,,2026-09-14T17:01:40-03:00,2026-09-14T17:05:30-03:00,Rivera y Brito del Pino,Rivera y Simón Bolívar,0.985,-34.903101,-56.159026,-34.903097,-56.158903,42,Rivera y Brito del Pino,Rivera y Simón Bolívar,0.726,0.237,
sample-ap-09,02:00:00:00:00:09,open,2412,1,-65,,2026-09-14T17:04:05-03:00,45,,2026-09-14T17:01:40-03:00,2026-09-14T17:05:30-03:00,Rivera y Simón Bolívar,Rivera y Obligado,0.032,-34.903098,-56.159089,-34.903089,-56.159090,41,Rivera y Simón Bolívar,Rivera y Obligado,0.355,0.198,
sample-ap-17,02:00:00:00:00:11,psk,5765,153,-81,,2026-09-14T17:04:40-03:00,28,,2026-09-14T17:03:10-03:00,2026-09-14T17:05:30-03:00,Rivera y Simón Bolívar,Rivera y Obligado,0.476,-34.903063,-56.159672,-34.903072,-56.159471,35,Rivera y Simón Bolívar,Rivera y Obligado,0.488,0.185,yes
sample-ap-10,02:00:00:00:00:0a,psk,2437,6,-66,,2026-09-14T17:04:40-03:00,24,,2026-09-14T17:03:25-03:00,2026-09-14T17:05:30-03:00,Rivera y Simón Bolívar,Rivera y Obligado,0.476,-34.903063,-56.159672,-34.903068,-56.159567,24,Rivera y Simón Bolívar,Rivera y Obligado,0.461,0.151,
sample-ap-11,02:00:00:00:00:0b,psk,2462,11,-78,,2026-09-14T17:05:05-03:00,16,,2026-09-14T17:04:15-03:00,2026-09-14T17:05:30-03:00,Rivera y Simón Bolívar,Rivera y Obligado,0.599,-34.903051,-56.159833,-34.903054,-56.159778,16,Rivera y Simón Bolívar,Rivera y Obligado,0.557,0.136,yes
sample-ap-19,02:00:00:00:00:13,psk,2437,6,-89,,2026-09-14T17:05:20-03:00,1,,2026-09-14T17:05:20-03:00,2026-09-14T17:05:20-03:00,Rivera y Simón Bolívar,Rivera y Obligado,0.744,-34.903036,-56.160024,-34.903036,-56.160024,0,Rivera y Simón Bolívar,Rivera y Obligado,0.744,0.000,yes
sample-ap-12,02:00:00:00:00:0c,psk,5180,36,-65,,2026-09-14T17:05:25-03:00,17,,2026-09-14T17:04:05-03:00,2026-09-14T17:05:30-03:00,Rivera y Simón Bolívar,Rivera y Obligado,0.874,-34.903023,-56.160194,-34.903046,-56.159882,21,Rivera y Simón Bolívar,Rivera y Obligado,0.636,0.174,yes
